Date,Description,Amount
2026-09-01,STRIPE TRANSFER 8842119,2450.00
2026-09-02,ADOBE *CREATIVE CLOUD,-54.99
2026-09-02,GITHUB INC,-4.00
2026-09-03,SQ *CORNER BAKERY 0042 SEATTLE WA,-12.40
2026-09-04,DELTA AIR 0062345,-318.20
2026-09-04,UBER *TRIP 4471,-23.15
2026-09-05,STAPLES 00112 TACOMA WA,-41.87
2026-09-06,SHELL OIL 5744,-52.10
2026-09-07,COMCAST CABLE COMM,-89.99
2026-09-08,AMZN Mktp US*2K4TT0,-129.00
2026-09-09,AMZN Mktp US*7H1QQ2,-18.49
2026-09-10,VENMO PAYMENT 8842 JMILLER,-60.00
2026-09-11,CHECK 1043,-500.00
2026-09-12,ZELLE FROM ACME CO,1200.00
2026-09-13,SQ *CORNER BAKERY 0042 SEATTLE WA,-9.75
2026-09-15,MONTHLY FEE,-12.00
2026-09-16,ADOBE *CREATIVE CLOUD,-54.99
2026-09-18,TRANSFER TO SAVINGS 3391,-800.00
2026-09-20,SEATTLE LICENSING DEPT,-75.00
2026-09-21,UBER *TRIP 5120,-17.80
